,Concentration of production,Concentration of reserves,Demand growth,Feasibility of exploration projects,Occurrence of co-production,Political stability,Price fluctuation,Primary material use,Trade barriers,Mining capacity
Aluminium,0.03490863940273407,0.0007705203048367253,0.0,0.0,0.0,0.0,0.0,0.0,0.0,0.0
Antimony,0.13592102150860494,0.0034920876742885456,0.0,0.0,0.10890000000000001,0.6880819223713683,0.22080874729003672,0.7224999999999999,0.0,0.2953076589321454
Bismuth,0.9508980052041228,0.007126296503658935,0.0,0.0,1.0,0.501588558657368,0.12904137996041096,0.9801000000000002,0.0,0.6023516654956931
Cadmium,0.43681693853650977,0.0006977059486962363,0.0,0.9883230548692351,1.0,0.0,0.1276501083985295,0.81,0.0,0.5817661582585691
Chromium,0.2307878298619427,0.003343233397654634,0.0,0.0,0.0,0.5784234709322464,0.0,0.6561000000000001,0.0,0.0
Coal,0.12733578373571836,0.00083220821225446,0.0,0.8310458456211994,0.0,0.42661612846402175,0.19599962296163637,1.0,0.0,0.0
Cobalt,0.05002420750576134,0.0023290831267849324,0.14218411994385255,0.0,0.4489000000000001,0.0,0.27486096710340274,0.4624,0.0,0.11143353703649807
Copper,0.0,0.0,0.0,0.0,0.10890000000000001,0.38962635214715097,0.0,0.5041,0.0,0.15401065703952205
Crude oils,0.02486738180269566,0.0,0.0,0.8419395368194498,0.0,0.36446170571916725,0.9313186916768783,0.9801000000000002,0.0,0.09071680538342022
Gold,0.0,0.0,0.0,0.0,0.0,0.3433778930480044,0.0,0.49000000000000005,0.0,0.9475402355906976
Graphite,0.08240314311611448,0.001262333512367537,0.46016964093743823,0.0,0.0,0.6498816899763392,0.0,0.9801000000000002,0.0,0.0
Indium,0.16612437760652407,0.01699155753712352,0.0,0.0,0.4489000000000001,0.35209761789708244,0.3530436421905928,0.0,0.0,0.5835203728833627
Iron,0.04128764764696597,0.0008597635463156523,0.0,0.7162850073531781,0.0,0.0,0.34160052785370915,0.0,0.0,0.0
Lead,0.0,0.001721324655007457,0.0,0.0,0.10890000000000001,0.0,0.0,0.0,0.0,0.6121196947214362
Lignite,0.0,0.0008410837219698248,0.0,0.8408799184492379,0.0,0.0,0.0,1.0,0.0,0.0
Lithium,0.17743549989677335,0.0024437899235189298,0.0,1.0,0.0,0.0,1.0,0.9801000000000002,0.0,0.08170844965205278
Magnesium,0.1338367888377456,0.0021929045904196223,0.0,0.0,0.10890000000000001,0.4599822769898175,0.5330417569987747,0.0,0.0,0.0
Manganese,0.022658315023237532,0.0022014990498446397,0.0,0.0,0.0,0.5607484245191073,0.510600433594118,0.0,0.0,0.1012861786358958
Molybdenum,0.07518388959733611,0.00351335297090647,0.0,0.6892647459477992,0.0,0.0,0.0,0.0,0.0,0.053030644509406165
Natural gas,0.0,0.0,0.0,0.8276165750819834,0.0,0.4097098677780753,0.4566085399189366,1.0,0.0,0.0
Nickel,0.057627728919729636,0.001068580496703739,0.1465552383213391,0.0,0.10890000000000001,0.4005862447363001,0.18248656800829485,0.0,0.0,0.11839921941197565
Niobium,0.4909474833424911,0.026251409270670382,0.5107527566985509,0.5936623584729649,0.10890000000000001,0.4865852349769159,0.0,0.6084,0.0,0.0
Phosphorus,0.048487414105867176,0.008334251642767066,0.0,0.7509512114011264,0.0,0.5213365211682448,0.12904137996041096,0.9025,0.0,0.0
Platinum,0.3749753217331213,0.021758530946875583,0.0,0.0,0.10890000000000001,0.5126066821592047,0.1419021585446319,0.0,0.0,0.0
Rare earths,1.0,0.0017993234945621872,1.0,0.0,0.4489000000000001,0.5166815806374147,0.16469412762748603,0.9801000000000002,0.0,0.0
Selenium,0.100514277386045,0.0011515100269874198,0.0,0.0,1.0,0.0,0.29559807710434527,0.9025,0.0,0.21140192937297658
Silver,0.10292139826273897,0.0,0.0,0.0,0.4489000000000001,0.7454262988328185,0.2135696107078895,0.5329,0.0,0.3717421224821336
Strontium,0.14378263790728707,0.0,0.7758877218375093,0.0,0.0,0.5432010809208816,0.3393345272881515,0.0,0.0,0.0
Tantalum,0.06272958915793686,1.0,0.0,0.0,0.10890000000000001,1.0,0.0,0.6561000000000001,1.0,0.05711595206236006
Titanium,0.12924177883046936,0.0011514229830495988,0.1429783046706387,0.8214782271021025,0.0,0.0,0.0,0.0,0.0,0.10905745592067681
Tungsten,0.21784795200155743,0.004773899682748483,0.0,0.0,0.0,0.6630267669781783,0.0,0.0,0.0,0.0
Uranium,0.11139561571613246,0.0008413428848337824,0.0,0.0,0.0,0.5081060952984305,0.13754736544443397,0.9025,0.0,1.0
Vanadium,0.20309181739302204,0.002642447399495544,0.08668452508990014,0.0,1.0,0.5703503755224001,0.7101743802431896,0.0,0.0,0.0
Zinc,0.0,0.0007468623395091605,0.0,0.0,0.10890000000000001,0.0,0.13044019228956547,0.6006250000000001,0.0,0.5833820197978952
Zirconium,0.059463154819987846,0.009659475080362185,0.0,0.9163028157903849,1.0,0.0,0.0,0.9801000000000002,0.0,0.1889859094927482
