,Water scarcity,Climate change,Sensitivity of local biodiversity
Aluminium,0.7256870001181476,0.00025859362928640846,0.15181285313376236
Antimony,0.5137443277089794,0.00014898364702485749,0.11337674882930522
Bismuth,0.5056268955372423,0.000338461057057532,0.1876609852270617
Cadmium,0.27708463533219574,6.339922834802229e-05,0.2181887810176583
Chromium,0.6580068616949004,0.00022030802527034927,0.21622477038612736
Coal,0.5080694221953199,5.037070991160477e-06,0.27774791273049887
Cobalt,0.08671460831680691,0.0006177244270720716,0.27833694340803294
Copper,0.5216246705459936,6.36463971692187e-05,0.9391494548921503
Crude oils,1.0,2.430706653942734e-06,0.3112416314544117
Gold,0.39235613541878694,1.0,0.5806713376792263
Graphite,0.5270590647461701,2.553251990952586e-05,0.0921779813977079
Indium,0.29653233199922285,0.0019080317011362605,0.1206498404093153
Iron,0.3494015485138145,3.45777753025972e-05,0.4901641765156584
Lead,0.5243727621813807,2.3436972305342407e-05,0.3195097795011575
Lignite,0.169823672147238,5.037070991160477e-06,0.24936717367915526
Lithium,0.17783286667090925,0.0007444154889986257,0.7875121977532168
Magnesium,0.5609654022469466,0.0005435504825244485,0.0
Manganese,0.5158456215549986,0.00024236858304936136,0.3571854599014406
Molybdenum,0.6048663358177503,0.0001306210011414904,0.6951849514382223
Natural gas,0.6034549345366784,1.004755503218712e-05,0.41904407496265444
Nickel,0.048811653668478734,0.00017421501286976176,1.0
Niobium,0.0,0.0003747270668143217,0.5524096477262742
Phosphorus,0.7301831528229361,0.0,0.16559890814105532
Platinum,0.6395205491310004,0.5394207880885323,0.5962194024334754
Rare earths,0.503978537956121,4.3166377613223235e-05,0.058255215943399795
Selenium,0.20117964363341237,5.45182482596072e-05,0.18858357574177945
Silver,0.5792558018911915,0.0013147353173843912,0.8060999313325674
Strontium,0.8433810825162137,2.4819272677228206e-05,0.2693600542248817
Tantalum,0.09647769568373586,0.004536033246299999,0.1993708236776135
Titanium,0.48276201407285635,0.00025340503417456997,0.3472248738718316
Tungsten,0.5237309039180273,0.00022069602537473447,0.0624871426331817
Uranium,0.41625598251356527,0.00036331146513815873,0.151284144287702
Vanadium,0.4398725108455587,0.00019008701713987055,0.1680245259153636
Zinc,0.5832362004726018,2.6867311507866985e-05,0.42277156714472586
Zirconium,0.4838337550672336,5.609186293543975e-05,0.5951628731106807
