,Small scale mining,Geopolitical risk,Human right abuse
Aluminium,0.0,0.40854675632295445,0.7524466477358378
Antimony,0.5568978854215318,0.6723038346631705,0.7882679554908951
Bismuth,0.0,0.4073810185700252,0.9779873428423408
Cadmium,0.0,0.2157345333976778,0.39378275682004643
Chromium,0.0693419333662147,0.4199397004605052,0.6171906691169181
Coal,0.0,0.4112876365993587,0.6511237568827276
Cobalt,0.70181862037794,1.0,0.7081581492404536
Copper,0.12749419558289357,0.3660450297039053,0.20937404036233448
Crude oils,0.0,0.4667558440137472,0.42433875910445973
Gold,0.7039320805164534,0.3889706626240242,0.296537412116336
Graphite,0.0,0.48240490547144177,0.9321979369474865
Indium,0.0,0.3026764789648953,0.6953634367917733
Iron,0.15580056670317594,0.20317147605757754,0.15483326696792113
Lead,0.4528025363428762,0.4046525718076719,0.5308938203694827
Lignite,0.0,0.273024095524231,0.09115013822221171
Lithium,0.0,0.0,0.0
Magnesium,0.0,0.4958344709463707,1.0
Manganese,0.2969695002582046,0.3083837237528185,0.15232214451206655
Molybdenum,0.0,0.3339702678746719,0.40134342170506077
Natural gas,0.0,0.41009503458698027,0.29376312980400315
Nickel,0.0,0.26802996702490184,0.13978971575746796
Niobium,0.0,0.35016351463282985,0.13646997393824403
Phosphorus,0.0,0.46057292867248767,0.5916136244389447
Platinum,0.0,0.42376055787249467,0.1614541486897394
Rare earths,0.0,0.5300943718638662,0.7744078930837972
Selenium,0.0,0.29519459245652047,0.5318341239027305
Silver,0.15348077982179908,0.34511410546856214,0.24872364432016522
Strontium,0.0,0.6632145159074084,0.5383690058738548
Tantalum,0.0,0.8640083222491866,0.6598880786985043
Titanium,0.0,0.3792195077597714,0.5041947047210295
Tungsten,1.0,0.45801178797842335,0.9730095554179027
Uranium,0.0,0.2079327780645925,0.20665417007409972
Vanadium,0.0,0.5627323194584656,0.8640759354267422
Zinc,0.39649062906156707,0.3494504523370284,0.4216089788901573
Zirconium,0.0,0.18953135501581023,0.10148946298151179
