,Water scarcity,Climate change,Sensitivity of local biodiversity,Total,Scaled total
Aluminium,8.407161178774038,1.0023273426635777,1.8863178461485597,2.5143434956028368,0.2163151947060874
Antimony,5.294589324252944,1.0013408528232237,2.426480581527443,2.343133383098332,0.18033622160316862
Bismuth,6.370462766011947,1.003046149513518,1.704605453344391,2.2166915040875836,0.15376507520613245
Cadmium,4.204698238010307,1.0005705930551323,2.6129529012160697,2.2235046895108757,0.15519683301239737
Chromium,8.655806271876369,1.001982772227433,4.777190459684567,3.4602975575028347,0.415102843705508
Coal,6.603047156269096,1.0000453336389203,2.9748861219884457,2.698224889494648,0.2549569760131735
Cobalt,1.3121149546903843,1.0055595198436487,2.4819007304668985,1.4849825764870384,0.0
Copper,5.784033273249958,1.000572817574523,7.471681199378748,3.5099366013152906,0.42553424752890057
Crude oils,10.0,1.0000218763598854,3.3717621140925256,3.2306418083814994,0.36684180409927686
Gold,5.171355726991941,10.0,4.706526185145982,6.2435984495625085,1.0
Graphite,6.978560901532156,1.0002297926791857,1.7085906519071399,2.284728302778358,0.1680626778085468
Indium,5.020937106771943,1.0171722853102263,1.3788502813004722,1.916749994336494,0.09073382457542355
Iron,4.933243286035484,1.0003111999777234,4.688492192917584,2.8494887981735304,0.28674435131588344
Lead,6.505426511753113,1.000210932750748,3.7794144436675676,2.908019383449897,0.29904426936716727
Lignite,3.049451759493828,1.0000453336389203,3.2758836490744225,2.153723637337014,0.14053268401716393
Lithium,4.011489931733472,1.0066997394009876,6.864766624375312,3.026521848227813,0.3239469864468143
Magnesium,6.350722665522753,1.00489195434272,1.0,1.854872968669281,0.07773066833889754
Manganese,6.249045924168228,1.0021813172474443,4.310526245403429,2.9998308757184344,0.318338008285665
Molybdenum,7.184289071358211,1.0011755890102734,5.531187061252018,3.413795217114053,0.4053306028629775
Natural gas,6.824852124031537,1.0000904279952896,4.125347562986878,3.0422695233585384,0.3272562838456286
Nickel,1.0,1.0015679351158278,10.0,2.155560106645011,0.14091860911744103
Niobium,1.1487773291648877,1.003372543601329,5.433665405990754,1.843304091190143,0.07529952495861433
Phosphorus,9.26245490811468,1.0,2.176429901609705,2.721595617293578,0.25986822088401146
Platinum,7.457992548832848,5.854787092796791,5.560816141291679,6.238648674859521,0.9989598289008798
Rare earths,5.6791121927533785,1.000388497398519,1.5808853524414455,2.0786586226180477,0.12475813597186179
Selenium,4.14630668028917,1.0004906642343365,2.686897035767934,2.233787357815729,0.1573576857853714
Silver,7.2235332019444,1.0118326178564596,6.911478545036041,3.696662236534747,0.46477373232866354
Strontium,9.739250820740608,1.000223373454095,2.4077333387992357,2.862487806147842,0.2894760296696377
Tantalum,2.333262503270002,1.0408242992167,1.7123102818128078,1.6080806631650557,0.025868464688337967
Titanium,6.290106394249043,1.0022806453075712,3.681159014475407,2.8524013792707623,0.28735641607902423
Tungsten,5.980349429528551,1.0019862642283726,1.6684879629547384,2.15428819733055,0.1406513235561799
Uranium,5.248665712628822,1.0032698031862435,2.2859585781800864,2.2918085589169013,0.1695505592277225
Vanadium,5.570963196370852,1.0017107831542589,1.9545812814986694,2.217730611879528,0.153983438658796
Zinc,7.086921289534367,1.0002418058035707,4.367463474351092,3.1400071070812356,0.3477953620838412
Zirconium,6.583936799371939,1.000504826766419,5.48966030805779,3.3068673264024313,0.38286022627372057
