,Concentration of production,Concentration of reserves,Demand growth,Disaster coping capacity,Feasibility of exploration projects,Occurrence of co-production,Political stability,Price fluctuation,Primary material use,Trade barriers,Mining capacity,Total,Scaled total
Aluminium,2.543097575312107,1.2884866317881356,1.156378374643103,1.8466237184024688,1.6429076329755805,1.0,3.9668420384793563,1.7739625652204394,3.2464916839916844,2.957366529162037,1.0156934043922259,1.8338515322530624,1.148838996368729
Antimony,2.135903361397247,2.546687123045911,1.0,2.8218576387202923,2.0677354188219175,1.9801000000000002,6.377209131427454,2.5197739358594746,6.754807692307692,3.9858764047673896,2.0202250812334057,2.697063674158289,4.4656498392791555
Bismuth,6.620388462573353,3.4428832965901783,1.0,1.9822566534645185,1.3105021776945545,10.0,4.71604276513046,1.8532485870991215,9.767281704781707,3.7636088720615186,3.557647599480969,3.3887649718611925,7.123446518566473
Cadmium,1.4652679188636872,1.239172508065939,1.0,1.0,1.6838275911659042,10.0,2.923310035915451,1.6242234469774106,7.778066528066528,2.3822098989243994,2.813733477748277,2.2523533311542496,2.7568924944454247
Chromium,1.9826076381588058,2.2277625748572003,1.6887441061546031,2.638602079337341,1.5615764585584375,1.0,4.746112149152889,1.6242234469774106,5.978300415800417,3.6484058454280905,1.3280770506935375,2.232401144022099,2.6802281063917164
Coal,2.290672045185438,1.2905294936377714,1.4428062874270733,2.036590250836114,3.0079407966807192,1.0,4.217003666352527,3.5405476680876347,10.0,3.498245451559185,1.0405830213131977,2.3849705657608626,3.266461649403284
Cobalt,4.50130491195814,1.8958458063261905,3.1818648912566694,10.0,2.3226206684496145,5.040100000000001,10.0,3.001288552248123,3.7130977130977123,9.241486828685787,1.272237995295734,3.9974345331679686,9.462201620222004
Copper,1.1025414138283196,1.1961706487948947,1.1497462322390093,2.702293281959428,3.4332221156787,1.9801000000000002,4.28110618087635,1.655318950063593,4.200753638253637,2.6032513083030917,1.4163922130828297,2.0742083146626507,2.0723871525654385
Crude oils,1.0541827476733538,1.1137225887937143,1.0000030790309662,1.9692178595536882,6.07795990333135,1.0,3.985141666040719,8.807224571956962,9.767281704781707,2.547918718564497,1.1263780902478726,2.3791659927436903,3.244158127722821
Gold,1.0,1.1156828428117986,1.0,2.9273841463093033,3.3325706985821557,1.0,4.616735851629425,1.052186366048985,4.035862785862786,3.8258602423711707,3.3522598084570823,2.0534092709049014,1.992468798190107
Graphite,4.526085964127118,1.3154038580095333,3.6207723721108165,3.020525181167738,1.9571416035617744,1.0,5.377435170986019,1.0,9.767281704781707,3.803011465058156,1.0105933561651383,2.517329549987549,3.775038501752382
Indium,3.878615509566144,6.824679350512271,1.1132726180870907,1.1491621007739847,1.3331997747164575,5.040100000000001,3.2542019587855666,3.4858376090345544,2.873733108108109,3.0936666815941645,4.471322122753495,2.8547110704131704,5.071395018095461
Iron,1.5020641695115917,1.3194930089880765,1.0,2.148517038314062,6.761173264626796,1.0,2.6864413400487086,4.30099044935756,2.515592515592516,2.328032538178127,1.033632619948224,1.9969327497619218,1.7754631183540357
Lead,1.54770632689271,1.6083514643825705,1.0,2.009548025302307,2.8092647008136327,1.9801000000000002,4.2807608241865385,1.6345285267441358,1.0,2.9710571973216573,2.2954305468831526,1.9227440874170598,1.490400214647249
Lignite,1.0644596653506322,1.2864887961533877,1.0,1.6234653741070524,6.677348896162096,1.0,3.2428022865290655,1.1225793744846626,10.0,1.1512589796867123,1.0025911341676499,1.795115639571966,1.0
Lithium,6.945444972366598,1.5470731227200676,1.6722471022593506,1.1364559182860376,10.0,1.0,1.0,10.0,9.767281704781707,1.0,10.0,3.0325182636391013,5.754602306094877
Magnesium,8.673063550373806,1.787530768056812,1.0504582368371371,1.8425187844472108,1.5263242094880223,1.9801000000000002,4.761892321693477,5.457082196948201,3.555223492723493,3.775076157540309,1.0000438825574764,2.5650759057189223,3.958499348410242
Manganese,1.3818150550852395,1.5835498741580638,1.0,3.9618819943798544,3.2783165463173694,1.0,4.716255333032392,6.965559602217912,2.947115384615384,4.842880291933313,1.4398128118761988,2.451111794427636,3.5206030519108706
Molybdenum,1.69721667317603,1.4537268164422947,1.0,1.5366670196085113,3.301237646605955,1.0,3.8035667121447116,1.4127139380626985,3.555223492723493,2.193063106457452,1.2171687980707246,1.7988674378668883,1.0144159293653414
Natural gas,1.1012684827566686,1.1308160483439316,1.0452324243469366,1.6575195977586497,6.547196696227417,1.0,3.5896987530578537,6.535810736377566,10.0,2.590297049371883,1.0000001562841274,2.2782996214978732,2.856588655988159
Nickel,1.8176189257493554,1.3161393209077326,3.490851813257044,2.6977089478231955,4.370289087298618,1.9801000000000002,4.485127058320517,3.3425879870877715,3.2464916839916844,2.9919511412163624,1.639961492336081,2.656822828627028,4.311028204218068
Niobium,10.0,10.0,4.43029112005767,4.33908120843562,7.82925674776192,1.9801000000000002,5.55773883582939,1.9595140889501639,5.420478170478172,3.3986486699081664,1.0171214426080957,4.137398526687107,10.0
Phosphorus,1.7100068424881611,3.7006967505649673,1.0,2.0368479206640155,3.9154073771882865,1.0,4.59767433211401,2.433247318576183,8.859797297297296,3.204045167284702,1.004383607047893,2.412309549201119,3.371509102175034
Platinum,4.349939749620297,8.4962096647435,1.0,4.053138392263389,2.7297362818874955,1.9801000000000002,5.319217247457585,1.9837896121324206,1.2292099792099789,3.140993331545335,1.002496553662442,2.5754730091897846,3.998449233094329
Rare earths,4.371680106794505,1.4487963114137203,6.332700642314591,1.7286879264512862,2.541390282405509,5.040100000000001,3.9367229538540247,2.0206535563708226,9.767281704781707,3.1257725188093755,1.0024424827911194,3.0548501583222993,5.840410494872761
Selenium,2.0990458490395785,1.3987130309854945,2.022966242453209,1.1151009689693832,1.4495553551373292,10.0,3.02858375086484,2.2666835803058474,8.859797297297296,2.4460174576950005,3.077433306797998,2.642956769258976,4.2577491852750695
Silver,1.118135512582584,1.157077445966787,1.0,2.0065067026107806,3.236919830041999,5.040100000000001,4.801196733131294,2.3627942222118365,4.537551975051977,2.2153056002629627,2.0927317732190085,2.312361393495207,2.98746778662706
Strontium,2.32986763769573,1.0,10.0,2.505291035844502,1.0,1.0,5.02376083922962,3.449664675975845,3.2464916839916844,3.0351714060834674,1.0,2.309449314848928,2.9762784004258096
Tantalum,1.8144746808980785,2.3917564855125635,1.286957542150813,9.2197483969401,1.1632169281629816,1.9801000000000002,8.607276780933184,1.7191323303100203,5.978300415800417,10.0,1.1097984175204956,2.8877139695697074,5.198205530200027
Titanium,1.4039106452209897,1.3636313051465871,2.340073109179695,3.478718176988602,2.8736417912725707,1.0,4.564183404537513,1.3014010502034643,1.0,3.1855586158760163,1.2664423539809735,1.8858833152895298,1.3487661912879425
Tungsten,6.311110823488081,2.556346815709637,1.0,2.123360398913162,1.644008063829083,1.0,4.949982936313194,1.1640400452662398,1.7156964656964655,4.1640498392992455,1.480277754133543,2.096096696177908,2.1564911840302052
Uranium,1.6580524462559914,1.2997925782356372,1.0,2.1593158362596303,4.617224057914298,1.0,3.7297287566515966,2.6840242888760555,8.859797297297296,3.887528661858097,2.144172821889338,2.409396135445901,3.3603145859442223
Vanadium,3.7908803014317694,1.8172124893020802,2.01280965322022,2.0715957261009637,2.0155969595204706,10.0,5.358048408270079,6.430777037064236,2.515592515592516,3.6638040222325845,1.012931233212423,3.013687111766823,5.682245389779254
Zinc,1.2270350074010192,1.3125161687111953,1.0,2.098408817509727,3.056297206104189,1.9801000000000002,4.057642485081962,2.390795196971568,5.329554313929315,2.711860191358875,2.978206018175489,2.27722410985552,2.8524561044358143
Zirconium,1.417140658548713,4.082635677083054,1.0,2.8651527033945383,5.0925704466237365,10.0,2.874205535206845,1.2534508831256406,9.767281704781707,2.4106687318510063,1.2406420866768388,2.8175696722898955,4.928682715944298
