Material,Supply Risk,Social Standards Compliance,Environmental Standards Compliance
Aluminium,0.00869260880255318,0.4708512951997678,0.3451865829822661
Antimony,0.40543326051624134,1.0,0.19543053904286284
Bismuth,0.8159004826810274,0.6089995548017691,0.23510205579229462
Cadmium,0.38986666574569034,0.2993418737604944,0.11655342606741141
Chromium,0.2663707500222257,0.43836264691081234,0.3432097672887356
Coal,0.3084160328982693,0.4268221572110973,0.2902220273331539
Cobalt,0.7775692353179346,0.9959997832327993,0.039030879062414134
Copper,0.11478181971354114,0.29869332908365703,0.6937841932738741
Crude oils,0.6808465280244093,0.4742369071908606,0.6043486611338812
Gold,0.08129544687849469,0.6389091799708987,1.0
Graphite,0.4148123343608797,0.5432317768395355,0.1906432162835172
Indium,0.18849629051997652,0.3393669518865849,0.07096891395518205
Iron,0.3424181332457357,0.3136020453696635,0.32237349860605385
Lead,0.055492145787938194,0.6383384212557518,0.3249476737616248
Lignite,0.3402101184977565,0.1742625976533994,0.07103209467738845
Lithium,1.0,0.0,0.397995841880174
Magnesium,0.2800493067988183,0.6072006147936515,0.1561148508883585
Manganese,0.012070469491434676,0.6151384040665221,0.34250519965366366
Molybdenum,0.0,0.3330606384790074,0.5977350834428887
Natural gas,0.41446687521188447,0.3691387564413466,0.43172663788575544
Nickel,0.07374705164890501,0.2597211688569909,0.44755596481658727
Niobium,0.8294542903693521,0.31324423733869483,0.15089880756583948
Phosphorus,0.3499777733897746,0.46618633642370794,0.3559621130502804
Platinum,0.3534810343049055,0.28872742189872014,0.8817041395858735
Rare earths,0.5902595822724241,0.5333138648269325,0.15657398507549147
Selenium,0.43648026301606907,0.2381470180187954,0.053468187334080354
Silver,0.2918530016570475,0.38256899583124837,0.649442808519484
Strontium,0.05322523034085543,0.3755924998341137,0.4856872877373969
Tantalum,0.7847018585186487,0.7076035928319536,0.0
Titanium,0.2328881318357842,0.3333747641390016,0.3167775583660599
Tungsten,0.2599502497855121,0.951494395846799,0.17101928120143706
Uranium,0.3566949792884546,0.2730651300831821,0.15993783394027003
Vanadium,0.4710792868287655,0.5662732083597005,0.18396190089406797
Zinc,0.18772667024913955,0.5272636778573413,0.4218773018895825
Zirconium,0.5102766799696368,0.20696641388931908,0.4655316193876697
