Material,Supply Risk,Vulnerability,Social Standards Compliance,Environmental Standards Compliance,Final Criticality
Aluminium,1.3374171172757994,6.111788236147109,0.22537310371103225,0.30515014000604784,2.859022595956179
Antimony,5.728660111280876,4.411549578353769,0.951605341888781,0.2570641365402804,5.027153080865273
Bismuth,9.106183156372266,4.604600518142892,0.3854791829899899,0.2164803528374822,6.475363748866608
Cadmium,4.5937027630222085,5.0604856834299206,0.0038151429159230177,0.0,4.821448648093885
Chromium,4.713671624796886,4.990669664235981,0.4183987983658305,0.4499296593519529,4.850193602841411
Coal,2.245749807839445,5.4022242019925075,0.05379399336043866,0.21777091326691048,3.4831083766558675
Cobalt,3.996465998872647,6.146270069876236,0.34547512185695695,0.04650550387434563,4.956143597006546
Copper,2.868160845285503,6.496214431689831,0.17522975244272762,0.4193887260300056,4.316501809978931
Crude oils,3.5531317538261797,7.868294709556641,0.14248864543955705,0.2803165138445175,5.2874462437918215
Gold,3.0444672725037445,1.257025198122763,0.5986852414471139,0.9765726728819947,1.9562648277769774
Graphite,4.6938301082652965,6.063746452241447,0.2996736958387249,0.30606915583949884,5.334997250835072
Indium,6.245094366207255,5.157261372851701,0.28054726387896944,0.19607470756765955,5.6751725916182005
Iron,2.373578932144494,4.83610911043089,0.035988648524495376,0.1952997230998057,3.388050574898611
Lead,1.369399511319021,3.7090782751354663,0.17897045680843707,0.24800327685470155,2.2537102691815787
Lignite,2.981553367153859,1.0,0.16423890064829677,0.2025500364223611,1.72671751226246
Lithium,5.566708229204269,4.944731776534493,0.0,0.6862087892155123,5.246511133281087
Magnesium,4.8531358798491,10.0,0.3195018648340418,0.2679154774482831,6.966445205303132
Manganese,4.13988922731227,4.906087050211955,0.4701686763491026,0.36840987349569804,4.506734619148181
Molybdenum,2.788808997506412,4.254414948182047,0.16791354405307665,0.5671871169398017,3.4445247403111896
Natural gas,4.618573956603887,4.747620096215007,0.24759510962249648,0.3751906162417524,4.682652510300959
Nickel,2.4153127823191447,4.832620955130128,0.11327143027107238,0.11137081427808943,3.41647349836482
Niobium,7.005783402131329,3.472133537956002,0.133119774956663,0.08561250382780286,4.932039690654941
Phosphorus,5.196410186566846,7.2375075931672015,0.3053741633693082,0.3425823726765502,6.132622455564091
Platinum,3.70550059563423,9.058385973292506,0.1441493650025355,1.0,5.793604630928844
Rare earths,8.68484886033595,4.327840207441596,0.3858233471652944,0.2133346392693953,6.130794246532438
Selenium,7.358042712219672,1.9252925607156772,0.23167225571782268,0.18185285045158395,3.7638258322170994
Silver,10.0,4.394248461491589,0.10649968991306479,0.43455986914684164,6.628912777742357
Strontium,6.900058454646058,2.2370194740150566,0.31186164305228475,0.37748021459811804,3.9288121786216084
Tantalum,6.631317736625319,5.280765981786932,0.4581930782928066,0.1287464432056674,5.917637798817304
Titanium,1.0,3.2930520970070516,0.052640700234361716,0.32233779821121733,1.8146768574616947
Tungsten,3.6717183439920524,1.4360713948996562,1.0,0.24433800885363274,2.2962686436772426
Uranium,4.520870834115886,5.0140845213271,0.1845108041318644,0.044250426581149596,4.7610953017409345
Vanadium,6.542293783181727,4.845674200212417,0.37864231786044045,0.2639321275089224,5.630437300545473
Zinc,2.226153934864022,3.1408249693202217,0.06501336611214482,0.26171168758284685,2.6442314316586177
Zirconium,5.234207565779781,3.8828083553184336,0.18808766820435652,0.3791514898247849,4.508150936900925
