,Small scale mining,Geopolitical risk,Human right abuse,Total,Scaled total
Aluminium,0.0,0.4638479700564802,0.7068563300128791,1.1707043000693593,0.4708512951997678
Antimony,1.0,0.5974893955655174,0.8888673629364747,2.486356758501992,1.0
Bismuth,0.0,0.514190159006083,1.0,1.5141901590060831,0.6089995548017691
Cadmium,0.0,0.31945015793910697,0.4248205329879485,0.7442706909270554,0.2993418737604944
Chromium,0.047458490430897705,0.4734029170908377,0.5690645222997854,1.0899259298215207,0.43836264691081234
Coal,0.0,0.46548095272673895,0.5957512025334726,1.0612321552602115,0.4268221572110973
Cobalt,0.5869227259852495,1.0,0.88948806652214,2.4764107925073895,0.9959997832327993
Copper,0.1340118720770081,0.3286503761922222,0.27999592921738004,0.7426581774866103,0.29869332908365703
Crude oils,0.0,0.5570428249785042,0.6220793143465738,1.1791221393250781,0.4742369071908606
Gold,0.7194360232530874,0.42436342415313255,0.4447567102833893,1.5885561576896094,0.6389091799708987
Graphite,0.0,0.5404532158913959,0.8102147838866292,1.350667999778025,0.5432317768395355
Indium,0.0,0.33587114757052194,0.5079161668649088,0.8437873144354308,0.3393669518865849
Iron,0.17044662055465584,0.2911437450361553,0.31813619939410015,0.7797265649849112,0.3136020453696635
Lead,0.5056429771436356,0.46478901095351394,0.6167050598035809,1.5871370479007303,0.6383384212557518
Lignite,0.0,0.27851708891353705,0.15476189851610594,0.433278987429643,0.1742625976533994
Lithium,0.0,0.0,0.0,0.0,0.0
Magnesium,0.0,0.5908948197871055,0.9188225325716546,1.5097173523587601,0.6072006147936515
Manganese,0.6597724315406808,0.42015522009522616,0.44952587672901967,1.5294535283649267,0.6151384040665221
Molybdenum,0.0,0.37528853331455564,0.4528190361587131,0.8281075694732687,0.3330606384790074
Natural gas,0.0,0.4571004005614134,0.46071024134154953,0.9178106419029629,0.3691387564413466
Nickel,0.0,0.35484297724375014,0.29091650626986637,0.6457594835136165,0.2597211688569909
Niobium,0.0,0.3577098467411945,0.4211270798276714,0.7788369265688659,0.31324423733869483
Phosphorus,0.0,0.5150366470653879,0.6440689012229818,1.1591055482883696,0.46618633642370794
Platinum,0.0,0.43016433925812886,0.28771503754461014,0.7178793768027389,0.28872742189872014
Rare earths,0.0,0.5100521760685592,0.8159563561467021,1.3260085322152615,0.5333138648269325
Selenium,0.0,0.25410125000741385,0.33801719776071376,0.5921184477681276,0.2381470180187954
Silver,0.14513079863082132,0.41866182192472967,0.3874103878227938,0.9512030083783448,0.38256899583124837
Strontium,0.0,0.4467474046826581,0.4871095457225488,0.9338569504052069,0.3755924998341137
Tantalum,0.0,0.8778400874304388,0.881514887947581,1.7593549753780198,0.7076035928319536
Titanium,0.0,0.38060774546754944,0.4482808524634647,0.8288885979310141,0.3333747641390016
Tungsten,0.9303817570682004,0.5449924231980495,0.8903803415242085,2.3657545217904583,0.951494395846799
Uranium,0.0,0.31181579007195603,0.3671215416215895,0.6789373316935455,0.2730651300831821
Vanadium,0.0,0.5978650920848538,0.8100921266788943,1.4079572187637481,0.5662732083597005
Zinc,0.3916183022132018,0.4173118269045957,0.5020354798354203,1.3109656089532178,0.5272636778573413
Zirconium,0.0,0.279277917042803,0.23531442491382606,0.5145923419566291,0.20696641388931908
