,Concentration of production,Concentration of reserves,Demand growth,Feasibility of exploration projects,Occurrence of co-production,Political stability,Price fluctuation,Primary material use,Trade barriers,Mining capacity,Total,Scaled total
Aluminium,0.032478744290460014,0.03205407019868172,0.0,0.0,0.0,0.0,0.11111111111111113,0.0,0.0,0.0,0.17564392560025288,0.0
Antimony,0.1363653010159574,0.171854124782879,0.0,0.0,0.10890000000000001,0.7021517443962917,0.1917019722425128,0.7224999999999999,0.0,0.3662287355491585,2.3997018779867996,0.5312429200197465
Bismuth,0.9330931608371837,0.2714314773989087,0.0,0.0,1.0,0.5423137939603685,0.11967859751643535,0.9801000000000002,0.0,0.5155447177227553,4.362161747435652,1.0
Cadmium,0.6034843613658435,0.026574723118437664,0.0,0.9819059322365656,1.0,0.0,0.0,0.81,0.0,0.6520714720757654,4.074036488796612,0.9311778258446001
Chromium,0.2435632817284406,0.13641806387302224,0.0,0.0,0.0,0.5966933904548493,0.0,0.6561000000000001,0.0,0.0,1.6327747360563123,0.3480531727002759
Coal,0.040951941529955585,0.032281054848641265,0.0,0.691519435231014,0.0,0.3878241780432633,0.30200470741011276,1.0,0.0,0.0,2.454581317062987,0.5443515323347248
Cobalt,0.03888226923769138,0.09953842292513228,0.24242943236185213,0.0,0.4489000000000001,0.0,0.24373346319292263,0.4624,0.0,0.20089378643895514,1.7367773741565535,0.3728954503463426
Copper,0.0,0.0,0.0,0.0,0.10890000000000001,0.3770624895282083,0.0,0.5041,0.0,0.10983675307158,1.0998992425997882,0.22076946912275058
Crude oils,0.0,0.0,0.0,0.8375711438938467,0.0,0.36448388647737506,0.8711111111111111,0.9801000000000002,0.0,0.044919624353370165,3.098185765835703,0.6980841751090854
Gold,0.0,0.0,0.0,0.0,0.0,0.44056266513301484,0.0,0.49000000000000005,0.0,0.6899252175892928,1.6204878827223077,0.34511831039778657
Graphite,0.06690464441726311,0.03504487311217036,0.2911969302345352,0.0,0.0,0.7153476044285135,0.0,0.9801000000000002,0.0,0.0,2.0885940521924824,0.45693108401807264
Indium,0.25093590555993267,0.6471865945013635,0.0,0.0,0.4489000000000001,0.3938491872422194,0.2960928496063631,0.0,0.0,0.6681806608049722,2.705145197714851,0.6042017208004256
Iron,0.045859902035473826,0.035499223220897394,0.0,0.7481780372220433,0.0,0.0,0.3841766090414739,0.0,0.0,0.0,1.2137137715198885,0.24795543458705216
Lead,0.0,0.06759460715361895,0.0,0.0,0.10890000000000001,0.0,0.0,0.0,0.0,0.8011866602360839,0.9776812673897028,0.19157623971079404
Lignite,0.0,0.03183208846148752,0.0,0.8080535917093921,0.0,0.34700992554421145,0.0,1.0,0.0,0.0,2.1868956057150912,0.4804115892269368
Lithium,0.2975542065497136,0.060785902524451964,0.0,0.5811934517231775,0.0,0.0,1.0,0.9801000000000002,0.0,0.0861466293718625,3.005780190169206,0.6760119949347786
Magnesium,0.16772479532640183,0.0875034186729791,0.0,0.0,0.10890000000000001,0.5092384417661758,0.5091015339663988,0.0,0.0,0.0,1.3824681897319557,0.2882644516254853
Manganese,0.02341849774748838,0.06483887490645152,0.0,0.0,0.0,0.5896227201101187,0.6721045369694018,0.0,0.0,0.059547899853853586,1.4095325295873142,0.29472909384298657
Molybdenum,0.07300847074798358,0.050414090715810524,0.0,0.0,0.0,0.3607015508988489,0.0,0.0,0.0,0.08919053291974238,0.5733146452823854,0.09498842154881613
Natural gas,0.0,0.0,0.0,0.7878122742312104,0.0,0.3927264899914504,0.62566674782891,1.0,0.0,0.0,2.8062055120515708,0.6283411891217175
Nickel,0.05424094961077196,0.03512659121197027,0.276761312584116,0.0,0.10890000000000001,0.4689874715042947,0.2806135865595325,0.0,0.0,0.12470887869473905,1.3493387901654244,0.2803510971441691
Niobium,0.5256890873559215,1.0,0.38114345778418557,1.0,0.10890000000000001,0.5346870963258116,0.13116143170197228,0.6084,0.0,0.0,4.289981073167891,0.9827587801271758
Phosphorus,0.07750555567323823,0.3000774167294408,0.0,0.0,0.0,0.5283324949887256,0.18235208181154128,0.9025,0.0,0.0,1.9907675492029457,0.43356405032737433
Platinum,0.43460817865860474,0.8329121849715,0.0,0.0,0.10890000000000001,0.5448130529910568,0.13378459540621707,0.0,0.0,0.0,2.0550180120273787,0.4489110440722296
Rare earths,1.0,0.04986625682374671,0.5925222935905101,0.0,0.4489000000000001,0.5410353252887847,0.13776803830857884,0.9801000000000002,0.0,0.0,3.7501919140116207,0.8538236645662385
Selenium,0.08374249581025553,0.04430144788727716,0.11366291582813429,0.6305003385426802,1.0,0.0,0.16435354273192113,0.9025,0.0,0.06435890073651726,3.003419641536785,0.6754481495785953
Silver,0.13004928236764499,0.0,0.0,0.0,0.4489000000000001,0.6287611880925618,0.17473906338771203,0.5329,0.0,0.22326682303051634,2.138616356878435,0.46887951152148705
Strontium,0.11484247079090504,0.0,1.0,0.0,0.0,0.5784727264756446,0.2921840759678598,0.0,0.0,0.0,1.9854992732344094,0.43230565941809435
Tantalum,0.05961892855432278,0.15463960950139594,0.0,0.0,0.10890000000000001,1.0,0.10518626734842952,0.6561000000000001,1.0,0.0,3.0844448054041482,0.6948019818839934
Titanium,0.11183553486976822,0.04040347834962079,0.14889701213107717,0.9006898781159199,0.0,0.0,0.0,0.0,0.0,0.048980018929809646,1.2508059223961958,0.25681533975283166
Tungsten,0.2639980636093474,0.17292742396773747,0.0,0.0,0.0,0.6315631433017875,0.0,0.0,0.0,0.0,1.0684886308788724,0.21326666773561945
Uranium,0.04520622597454025,0.03331028647062634,0.0,0.0,0.0,0.4214033868647021,0.20945053161269378,0.9025,0.0,1.0,2.611870430922562,0.5819219238995739
Vanadium,0.20072967896220748,0.09080138770023112,0.11253440591335774,0.0,1.0,0.603697488826852,0.614317019722425,0.0,0.0,0.0,2.622079981125074,0.5843605974313721
Zinc,0.0,0.034724018745688354,0.0,0.0,0.10890000000000001,0.0,0.17776479181884586,0.6006250000000001,0.0,0.6469930281462737,1.569006838710808,0.33282144550854786
Zirconium,0.05511857143533653,0.34251507523145047,0.0,0.891278589942622,1.0,0.0,0.0,0.9801000000000002,0.0,0.1718686525983595,3.440880889207769,0.7799410160341829
