,Concentration of production,Concentration of reserves,Demand growth,Disaster coping capacity,Feasibility of exploration projects,Occurrence of co-production,Political stability,Price fluctuation,Primary material use,Trade barriers,Mining capacity
Aluminium,2.448557369445446,1.0069346827435306,1.2964447458506705,1.804850121824309,3.117777704691808,1.0,3.7835815938467685,1.5872008431954359,3.2464916839916844,2.797247085930409,1.018900782052145
Antimony,1.9541022301539015,1.031428789068597,1.0,2.535207071337637,4.095551381334669,1.9801000000000002,6.15595787761483,2.8971897304295022,6.754807692307692,3.83186802652497,2.2641969324127125
Bismuth,6.402347810833949,1.0641366685329303,1.0,2.0024549659565123,3.0606646422559085,10.0,4.578332967660803,2.0606734107026248,9.767281704781707,3.5621285120607276,4.6864488137209115
Cadmium,1.4222166878826423,1.0062793535382661,1.0,1.0,2.805047136138671,10.0,2.8320948446677763,2.047991109787253,7.778066528066528,2.3192714170430815,3.748492259928167
Chromium,1.8840390554014608,1.0300891005788917,1.2828924560733677,2.539690594522015,2.077942944025036,1.0,4.557582044975414,1.6994856049583555,5.978300415800417,3.5033499009677818,1.367476536768125
Coal,2.194651260230753,1.0074898739102902,1.1563913918653363,2.014113434935987,5.309907427950939,1.0,4.117329472467696,2.6710392154616382,10.0,3.350560301628989,1.0523388129087712
Cobalt,4.563171625756992,1.0209617481410644,2.2796570794946733,10.0,2.8520594991153203,5.040100000000001,10.0,3.389909150274382,3.7130977130977123,8.777077698582659,1.3081698672702813
Copper,1.1229517637684778,1.0049253849393431,1.065810547443048,2.39014838861491,5.079569243771084,1.9801000000000002,4.062939922699485,1.6372082898942568,4.200753638253637,2.430436634390772,1.5350300001309933
Crude oils,1.0490338324436335,1.0030988768866118,1.0,1.9455809987808181,7.031630504616326,1.0,4.068645541116562,9.373927388958267,9.767281704781707,2.5779755791453773,1.1767616335498683
Gold,1.0,1.0036030812105174,1.0,2.8055989376548642,4.467517376531919,1.0,4.447247137635539,1.1689942374007583,4.035862785862786,3.6306275139645177,3.7821671703298896
Graphite,5.891370824325226,1.011361001611308,5.141526768436944,2.6366770660183643,4.048212110520472,1.0,5.02576594781572,1.1445232394285516,9.767281704781707,3.929122501709725,1.0131846804935296
Indium,3.3257514543625804,1.1529240178341116,1.0896364970091497,1.0993699214063257,2.5983637523201026,5.040100000000001,3.0059854819978904,4.102592596835725,2.873733108108109,2.874551635013594,5.623412893177672
Iron,1.4191178645851683,1.0077378719168408,1.045251275171829,2.1150287741033225,6.860600429398574,1.0,2.832204068995351,3.9982815310412785,2.515592515592516,2.4971592601654464,1.0551683086401489
Lead,1.5429883179004769,1.015491921895067,1.0,1.9672900614875377,4.699514175728876,1.9801000000000002,4.146086348600413,1.7207946200465134,1.0,2.8407456956621933,2.704614171234447
Lignite,1.0645113613602324,1.0075697534977284,1.0,1.523799543553563,7.38253110594622,1.0,3.088521097727791,1.0,10.0,1.0,1.0032086783502046
Lithium,7.332434362323595,1.0219941093116705,1.1804756035996795,1.0430294457022924,10.0,1.0,1.0,10.0,9.767281704781707,1.1237588007818866,10.0
Magnesium,7.95339158592744,1.0197361413137767,1.0,1.8625609423626452,3.9500123961944964,1.9801000000000002,4.727602079613685,5.743386758623851,3.555223492723493,3.6839716593765455,1.000047363317923
Manganese,1.347458638958454,1.0198134914486017,1.0,3.6615392147526764,5.142088490968187,1.0,4.483557704396474,5.538820213777537,2.947115384615384,4.380376752139737,1.915983899046245
Molybdenum,1.6776565734991844,1.0316201767381583,1.0,1.4535376023141655,6.105377657321476,1.0,3.6413798576462293,1.3078465292655261,3.555223492723493,2.012600240017076,1.1689643899648317
Natural gas,1.1040366749970782,1.0035717694665152,1.148033826117126,1.6238281664001912,7.315012436780691,1.0,3.7104788660358707,5.046650703999449,10.0,2.693289138201985,1.000000231768586
Nickel,1.3917940197645584,1.0096172244703336,2.3189971448920517,2.5318941704157183,3.1986845281585756,1.9801000000000002,4.434851017342138,2.547859360500418,3.2464916839916844,2.8864816669709175,1.8072189579670093
Niobium,10.0,1.2362626834360335,5.596774810286958,4.121969854504686,4.904601983178052,1.9801000000000002,5.319868442112795,1.924948732342731,5.420478170478172,4.0291127351144596,1.02231565984492
Phosphorus,1.650164574196665,1.0750082647849035,1.0,2.0153270807340373,6.7578258554273765,1.0,4.516062252821546,2.0606734107026248,8.859797297297296,3.0697450864387723,1.0070319356008974
Platinum,4.843574431743678,1.1958267785218804,1.0137296993681038,3.804668838825871,4.896664032511284,1.9801000000000002,4.80948141016945,2.177907363066665,1.2292099792099789,2.7930462099022995,1.0043905981704917
Rare earths,2.762627956195624,1.0161939114510596,10.0,2.1098098344260623,4.352944419720549,5.040100000000001,4.118011537505559,2.3856702601762,9.767281704781707,3.079676470579964,1.003358640559094
Selenium,2.1657621463002426,1.0103635902428867,1.738605210498835,1.1100952328401215,2.6310772062204197,10.0,3.0002398178742666,3.578940735733843,8.859797297297296,2.444164843987896,2.4347763535177247
Silver,1.1138518344413253,1.0051613324932156,1.0,1.9212496473862815,4.176175522137864,5.040100000000001,4.687542615162666,2.831200522414563,4.537551975051977,2.1227488624660684,2.750296367305186
Strontium,2.526395251611796,1.0,7.982989496537583,2.34373389040403,1.0,1.0,4.735207549122276,3.9776255341574345,3.2464916839916844,2.7298776854746363,1.0
Tantalum,1.7663070903538798,10.0,1.0,9.19387142796995,1.0524112002025978,1.9801000000000002,8.676941238021797,1.9130225577691982,5.978300415800417,10.0,1.2452680529417524
Titanium,1.3502856044805807,1.0103628068474464,2.2868047420357485,3.37114680590153,4.886732498691071,1.0,4.43076058021241,1.2705557528612508,1.0,3.1975312873958317,1.292634363651468
Tungsten,7.473432291495088,1.0429650971447364,1.0193449465113156,2.001999814586725,4.077863543900577,1.0,4.672054124897173,1.5294602861823638,1.7156964656964655,3.8535851722095185,1.6557618530881322
Uranium,1.7762743883938517,1.007572085963504,1.0,2.2973667897716425,4.493060265705667,1.0,4.230206191622487,2.1382107301201785,8.859797297297296,4.343526281603607,2.3859148269559682
Vanadium,4.017849582135636,1.0237820265954598,1.7801607258091012,2.0256796529308225,4.455672564751176,10.0,5.071709874752672,7.358060192239393,2.515592515592516,3.6784230661179076,1.0195363885467614
Zinc,1.2351975947237217,1.0067217610555825,1.0211546442367834,2.1168762726468193,4.508914749832309,1.9801000000000002,4.064673692584639,2.073424450376345,5.329554313929315,2.648842504584338,2.9928290566445575
Zirconium,1.5748660912420742,1.0869352757232598,1.0,3.29973686817485,6.97010372880669,10.0,3.2435778911530893,1.2490061521188722,9.767281704781707,2.8278104436578775,1.3117770528728092
