Material,Supply Risk,Vulnerability,Social Standards Compliance,Environmental Standards Compliance
Aluminium,0.0,0.5471284857507038,0.32512501957318246,0.4276747721556007
Antimony,0.5173183831824215,0.4375623719432499,1.0,0.4331483158665513
Bismuth,1.0,0.41770619837239553,0.6477577170112409,0.4258094600915775
Cadmium,0.9453860620256515,0.481296269533944,0.0,0.0
Chromium,0.3465120923326544,0.5669833352034034,0.5537959392185462,0.6941315058459875
Coal,0.6156923059222449,0.46142647971800343,0.37133997833833987,0.18637075266727224
Cobalt,0.3521892284459996,0.6955374528989638,0.33076765751225334,0.06343072876781583
Copper,0.27106219461692455,0.583130307899122,0.22102540931883433,0.5381540332526903
Crude oils,0.7732515065583354,0.6696506704243946,0.34934219912009035,0.31355521975089223
Gold,0.4220214928413955,0.201562219764774,0.4749108538798867,0.9353443052459312
Graphite,0.5170295060465112,0.6159955766155149,0.4997048515666584,0.41759440036803447
Indium,0.4558171439449543,0.6906517796948403,0.4307060007681685,0.2854072824321176
Iron,0.2573745956672639,0.46370097813679817,0.19723225547623635,0.2982871077928967
Lead,0.16614049815162307,0.41109077293720797,0.28031136489237934,0.37230422888436154
Lignite,0.43672441886702174,0.0,0.1844661611412687,0.24188359979437893
Lithium,0.7752545931995191,0.5887281673645537,0.042105730308200424,0.9122616973795168
Magnesium,0.29072563522955364,1.0,0.4905166092376039,0.39939009891470084
Manganese,0.2809421523924859,0.5368108017025127,0.5512533559491135,0.503663469451209
Molybdenum,0.18989901684412255,0.472076237950075,0.2529691393565153,0.8143972156104914
Natural gas,0.64280084892558,0.3890196764158518,0.3539393392418754,0.5713774461526986
Nickel,0.23696331245806418,0.4427362739673117,0.30465297592083124,0.2011162002687588
Niobium,0.6746147989867767,0.4048867345960699,0.3382589079965489,0.16892418199251868
Phosphorus,0.5622083913723693,0.8449011283154474,0.46467666581678296,0.6034876390441956
Platinum,0.2719099146739791,0.8731770671140133,0.2853713129957913,1.0
Rare earths,0.9857497478060343,0.5403953108188814,0.6616425007402201,0.43022627591572216
Selenium,0.5986048807439648,0.3430766103654348,0.2160158650623143,0.07827963239037533
Silver,0.5754618366325644,0.6356362441570861,0.2542438390485344,0.8969810639039376
Strontium,0.42716916939862937,0.24358492484556518,0.34521144610866683,0.6602135981983296
Tantalum,0.9307785188384794,0.6133210588656376,0.6440979247291438,0.18433373458789007
Titanium,0.2824927393278632,0.4275184233601346,0.03956498976441383,0.2704237908761167
Tungsten,0.2055336755157572,0.12473035845806199,0.8706948637051518,0.2904015863996563
Uranium,0.6346893369838709,0.4702960762665538,0.3859328228874244,0.21065173867827516
Vanadium,0.6135435450101641,0.5768619930540702,0.5639462762696505,0.46109569786822147
Zinc,0.3357367933126076,0.3390963601336409,0.12565288827287674,0.3686321665206901
Zirconium,0.7541742090841949,0.39172429289520005,0.24277139373698883,0.45036120931202284
